<metadata xml:lang="en"><Esri><CreaDate>20180109</CreaDate><CreaTime>10590100</CreaTime><ArcGISFormat>1.0</ArcGISFormat><SyncOnce>FALSE</SyncOnce><DataProperties><lineage><Process ToolSource="C:\Users\KPI\AppData\Roaming\ESRI\Desktop10.5\ArcToolbox\My Toolboxes\Kip.tbx\Project" Date="20180103" Time="114553" Name="" export="">Project "POWERPLANTS_EIA_ALL_201710.csv Events" "P:\states 3.0 maps\Layers\PowerPlants\PowerPlants.gdb\PowerPlants_US_201710" PROJCS['WGS_1984_Web_Mercator_Auxiliary_Sphere',GEOGCS['GCS_WGS_1984',DATUM['D_WGS_1984',SPHEROID['WGS_1984',6378137.0,298.257223563]],PRIMEM['Greenwich',0.0],UNIT['Degree',0.0174532925199433]],PROJECTION['Mercator_Auxiliary_Sphere'],PARAMETER['False_Easting',0.0],PARAMETER['False_Northing',0.0],PARAMETER['Central_Meridian',0.0],PARAMETER['Standard_Parallel_1',0.0],PARAMETER['Auxiliary_Sphere_Type',0.0],UNIT['Meter',1.0]] # GEOGCS['GCS_WGS_1984',DATUM['D_WGS_1984',SPHEROID['WGS_1984',6378137.0,298.257223563]],PRIMEM['Greenwich',0.0],UNIT['Degree',0.0174532925199433]] NO_PRESERVE_SHAPE # NO_VERTICAL</Process><Process ToolSource="c:\program files (x86)\arcgis\desktop10.5\ArcToolbox\Toolboxes\Conversion Tools.tbx\FeatureClassToFeatureClass" Date="20180109" Time="114025">FeatureClassToFeatureClass P:\StatesProductionMap\Geodatabases_WGS84_forShapefileCreation\StateEnergyProfiles_forAllShapefiles_WGS84_201801.gdb\PowerPlants_US_201710 P:\StatesProductionMap\Shapefiles\201801\Public PowerPlants_US_201710.shp # "Plant_Code "Plant_Code" true true false 4 Long 0 0 ,First,#,P:\StatesProductionMap\Geodatabases_WGS84_forShapefileCreation\StateEnergyProfiles_forAllShapefiles_WGS84_201801.gdb\PowerPlants_US_201710,Plant_Code,-1,-1;Plant_Name "Plant_Name" true true false 8000 Text 0 0 ,First,#,P:\StatesProductionMap\Geodatabases_WGS84_forShapefileCreation\StateEnergyProfiles_forAllShapefiles_WGS84_201801.gdb\PowerPlants_US_201710,Plant_Name,-1,-1;Utility_Na "Utility_Name" true true false 8000 Text 0 0 ,First,#,P:\StatesProductionMap\Geodatabases_WGS84_forShapefileCreation\StateEnergyProfiles_forAllShapefiles_WGS84_201801.gdb\PowerPlants_US_201710,Utility_Name,-1,-1;Utility_ID "Utility_ID" true true false 4 Long 0 0 ,First,#,P:\StatesProductionMap\Geodatabases_WGS84_forShapefileCreation\StateEnergyProfiles_forAllShapefiles_WGS84_201801.gdb\PowerPlants_US_201710,Utility_ID,-1,-1;sector_nam "sector_name" true true false 8000 Text 0 0 ,First,#,P:\StatesProductionMap\Geodatabases_WGS84_forShapefileCreation\StateEnergyProfiles_forAllShapefiles_WGS84_201801.gdb\PowerPlants_US_201710,sector_name,-1,-1;City "City" true true false 8000 Text 0 0 ,First,#,P:\StatesProductionMap\Geodatabases_WGS84_forShapefileCreation\StateEnergyProfiles_forAllShapefiles_WGS84_201801.gdb\PowerPlants_US_201710,City,-1,-1;County "County" true true false 8000 Text 0 0 ,First,#,P:\StatesProductionMap\Geodatabases_WGS84_forShapefileCreation\StateEnergyProfiles_forAllShapefiles_WGS84_201801.gdb\PowerPlants_US_201710,County,-1,-1;StateName "StateName" true true false 8000 Text 0 0 ,First,#,P:\StatesProductionMap\Geodatabases_WGS84_forShapefileCreation\StateEnergyProfiles_forAllShapefiles_WGS84_201801.gdb\PowerPlants_US_201710,StateName,-1,-1;Zip "Zip" true true false 4 Long 0 0 ,First,#,P:\StatesProductionMap\Geodatabases_WGS84_forShapefileCreation\StateEnergyProfiles_forAllShapefiles_WGS84_201801.gdb\PowerPlants_US_201710,Zip,-1,-1;Street_Add "Street_Address" true true false 8000 Text 0 0 ,First,#,P:\StatesProductionMap\Geodatabases_WGS84_forShapefileCreation\StateEnergyProfiles_forAllShapefiles_WGS84_201801.gdb\PowerPlants_US_201710,Street_Address,-1,-1;PrimSource "PrimSource" true true false 8000 Text 0 0 ,First,#,P:\StatesProductionMap\Geodatabases_WGS84_forShapefileCreation\StateEnergyProfiles_forAllShapefiles_WGS84_201801.gdb\PowerPlants_US_201710,PrimSource,-1,-1;Install_MW "Install_MW" true true false 8 Double 0 0 ,First,#,P:\StatesProductionMap\Geodatabases_WGS84_forShapefileCreation\StateEnergyProfiles_forAllShapefiles_WGS84_201801.gdb\PowerPlants_US_201710,Install_MW,-1,-1;Total_MW "Total_MW" true true false 8 Double 0 0 ,First,#,P:\StatesProductionMap\Geodatabases_WGS84_forShapefileCreation\StateEnergyProfiles_forAllShapefiles_WGS84_201801.gdb\PowerPlants_US_201710,Total_MW,-1,-1;Coal_MW "Coal_MW" true true false 8 Double 0 0 ,First,#,P:\StatesProductionMap\Geodatabases_WGS84_forShapefileCreation\StateEnergyProfiles_forAllShapefiles_WGS84_201801.gdb\PowerPlants_US_201710,Coal_MW,-1,-1;NG_MW "NG_MW" true true false 8 Double 0 0 ,First,#,P:\StatesProductionMap\Geodatabases_WGS84_forShapefileCreation\StateEnergyProfiles_forAllShapefiles_WGS84_201801.gdb\PowerPlants_US_201710,NG_MW,-1,-1;Crude_MW "Crude_MW" true true false 8 Double 0 0 ,First,#,P:\StatesProductionMap\Geodatabases_WGS84_forShapefileCreation\StateEnergyProfiles_forAllShapefiles_WGS84_201801.gdb\PowerPlants_US_201710,Crude_MW,-1,-1;Bio_MW "Bio_MW" true true false 8000 Text 0 0 ,First,#,P:\StatesProductionMap\Geodatabases_WGS84_forShapefileCreation\StateEnergyProfiles_forAllShapefiles_WGS84_201801.gdb\PowerPlants_US_201710,Bio_MW,-1,-1;Hydro_MW "Hydro_MW" true true false 8 Double 0 0 ,First,#,P:\StatesProductionMap\Geodatabases_WGS84_forShapefileCreation\StateEnergyProfiles_forAllShapefiles_WGS84_201801.gdb\PowerPlants_US_201710,Hydro_MW,-1,-1;HydroPS_MW "HydroPS_MW" true true false 8 Double 0 0 ,First,#,P:\StatesProductionMap\Geodatabases_WGS84_forShapefileCreation\StateEnergyProfiles_forAllShapefiles_WGS84_201801.gdb\PowerPlants_US_201710,HydroPS_MW,-1,-1;Nuclear_MW "Nuclear_MW" true true false 8 Double 0 0 ,First,#,P:\StatesProductionMap\Geodatabases_WGS84_forShapefileCreation\StateEnergyProfiles_forAllShapefiles_WGS84_201801.gdb\PowerPlants_US_201710,Nuclear_MW,-1,-1;Solar_MW "Solar_MW" true true false 8 Double 0 0 ,First,#,P:\StatesProductionMap\Geodatabases_WGS84_forShapefileCreation\StateEnergyProfiles_forAllShapefiles_WGS84_201801.gdb\PowerPlants_US_201710,Solar_MW,-1,-1;Wind_MW "Wind_MW" true true false 8 Double 0 0 ,First,#,P:\StatesProductionMap\Geodatabases_WGS84_forShapefileCreation\StateEnergyProfiles_forAllShapefiles_WGS84_201801.gdb\PowerPlants_US_201710,Wind_MW,-1,-1;Geo_MW "Geo_MW" true true false 8000 Text 0 0 ,First,#,P:\StatesProductionMap\Geodatabases_WGS84_forShapefileCreation\StateEnergyProfiles_forAllShapefiles_WGS84_201801.gdb\PowerPlants_US_201710,Geo_MW,-1,-1;Other_MW "Other_MW" true true false 8 Double 0 0 ,First,#,P:\StatesProductionMap\Geodatabases_WGS84_forShapefileCreation\StateEnergyProfiles_forAllShapefiles_WGS84_201801.gdb\PowerPlants_US_201710,Other_MW,-1,-1;source_des "source_desc" true true false 8000 Text 0 0 ,First,#,P:\StatesProductionMap\Geodatabases_WGS84_forShapefileCreation\StateEnergyProfiles_forAllShapefiles_WGS84_201801.gdb\PowerPlants_US_201710,source_desc,-1,-1;tech_desc "tech_desc" true true false 8000 Text 0 0 ,First,#,P:\StatesProductionMap\Geodatabases_WGS84_forShapefileCreation\StateEnergyProfiles_forAllShapefiles_WGS84_201801.gdb\PowerPlants_US_201710,tech_desc,-1,-1;Source "Source" true true false 8000 Text 0 0 ,First,#,P:\StatesProductionMap\Geodatabases_WGS84_forShapefileCreation\StateEnergyProfiles_forAllShapefiles_WGS84_201801.gdb\PowerPlants_US_201710,Source,-1,-1;Period "Period" true true false 4 Long 0 0 ,First,#,P:\StatesProductionMap\Geodatabases_WGS84_forShapefileCreation\StateEnergyProfiles_forAllShapefiles_WGS84_201801.gdb\PowerPlants_US_201710,Period,-1,-1;Latitude "Latitude" true true false 8 Double 0 0 ,First,#,P:\StatesProductionMap\Geodatabases_WGS84_forShapefileCreation\StateEnergyProfiles_forAllShapefiles_WGS84_201801.gdb\PowerPlants_US_201710,Latitude,-1,-1;Longitude "Longitude" true true false 8 Double 0 0 ,First,#,P:\StatesProductionMap\Geodatabases_WGS84_forShapefileCreation\StateEnergyProfiles_forAllShapefiles_WGS84_201801.gdb\PowerPlants_US_201710,Longitude,-1,-1" #</Process></lineage><itemProps><itemLocation><linkage Sync="TRUE">file://\\fs-f3\OES\SSAM\Maps\StatesProductionMap\Shapefiles\201801\Public\PowerPlants_US_201710.shp</linkage><protocol Sync="TRUE">Local Area Network</protocol></itemLocation><itemName Sync="TRUE">PowerPlants_US_201710</itemName><imsContentType Sync="TRUE">002</imsContentType><nativeExtBox><westBL Sync="TRUE">-19114941.272400</westBL><eastBL Sync="TRUE">-7458773.237500</eastBL><southBL Sync="TRUE">2151898.618500</southBL><northBL Sync="TRUE">11502860.587300</northBL><exTypeCode Sync="TRUE">1</exTypeCode></nativeExtBox><itemSize Sync="TRUE">0.000</itemSize></itemProps><coordRef><type Sync="TRUE">Geographic</type><geogcsn Sync="TRUE">GCS_WGS_1984</geogcsn><csUnits Sync="TRUE">Angular Unit: Degree (0.017453)</csUnits><peXml Sync="TRUE">&lt;GeographicCoordinateSystem xsi:type='typens:GeographicCoordinateSystem' xmlns:xsi='http://www.w3.org/2001/XMLSchema-instance' xmlns:xs='http://www.w3.org/2001/XMLSchema' xmlns:typens='http://www.esri.com/schemas/ArcGIS/10.5'&gt;&lt;WKT&gt;GEOGCS[&amp;quot;GCS_WGS_1984&amp;quot;,DATUM[&amp;quot;D_WGS_1984&amp;quot;,SPHEROID[&amp;quot;WGS_1984&amp;quot;,6378137.0,298.257223563]],PRIMEM[&amp;quot;Greenwich&amp;quot;,0.0],UNIT[&amp;quot;Degree&amp;quot;,0.0174532925199433],AUTHORITY[&amp;quot;EPSG&amp;quot;,4326]]&lt;/WKT&gt;&lt;XOrigin&gt;-400&lt;/XOrigin&gt;&lt;YOrigin&gt;-400&lt;/YOrigin&gt;&lt;XYScale&gt;11258999068426.238&lt;/XYScale&gt;&lt;ZOrigin&gt;-100000&lt;/ZOrigin&gt;&lt;ZScale&gt;10000&lt;/ZScale&gt;&lt;MOrigin&gt;-100000&lt;/MOrigin&gt;&lt;MScale&gt;10000&lt;/MScale&gt;&lt;XYTolerance&gt;8.983152841195215e-009&lt;/XYTolerance&gt;&lt;ZTolerance&gt;0.001&lt;/ZTolerance&gt;&lt;MTolerance&gt;0.001&lt;/MTolerance&gt;&lt;HighPrecision&gt;true&lt;/HighPrecision&gt;&lt;LeftLongitude&gt;-180&lt;/LeftLongitude&gt;&lt;WKID&gt;4326&lt;/WKID&gt;&lt;LatestWKID&gt;4326&lt;/LatestWKID&gt;&lt;/GeographicCoordinateSystem&gt;</peXml></coordRef></DataProperties><SyncDate>20180109</SyncDate><SyncTime>11402100</SyncTime><ModDate>20180109</ModDate><ModTime>11402100</ModTime><scaleRange><minScale>150000000</minScale><maxScale>5000</maxScale></scaleRange><ArcGISProfile>ItemDescription</ArcGISProfile></Esri><dataIdInfo><envirDesc Sync="TRUE"> Version 6.2 (Build 9200) ; Esri ArcGIS 10.5.0.6491</envirDesc><dataLang><languageCode value="eng" Sync="TRUE"/><countryCode value="USA" Sync="TRUE"/></dataLang><idCitation><resTitle Sync="FALSE">U.S. Power Plants</resTitle><presForm><PresFormCd value="005" Sync="TRUE"/></presForm></idCitation><spatRpType><SpatRepTypCd value="001" Sync="TRUE"/></spatRpType><dataExt><geoEle xmlns=""><GeoBndBox esriExtentType="search"><exTypeCode Sync="TRUE">1</exTypeCode><westBL Sync="TRUE">-171.712439</westBL><eastBL Sync="TRUE">-67.003300</eastBL><northBL Sync="TRUE">71.292000</northBL><southBL Sync="TRUE">18.974200</southBL></GeoBndBox></geoEle></dataExt><idPurp>This is a point dataset representing operable electric generating plants in the United States by energy source. This includes plants that are operating, on standby, or short- or long-term out of service. The surveys collect data on all plants with a combined nameplate capacity of 1 MW or more. Source: EIA-860, Annual Electric Generator Report, EIA-860M, Monthly Update to the Annual Electric Generator Report, and EIA-923, Power Plant Operations Report. Data period: October 2017.</idPurp><resConst><Consts><useLimit>&lt;DIV STYLE="text-align:Left;"&gt;&lt;P STYLE="font-size:16ptmargin:7 0 7 0;"&gt;&lt;SPAN&gt;&lt;SPAN&gt;The U.S. Energy Information Administration shall not be held liable for improper or incorrect use of the data described and/or contained herein. These data and related graphics, if available, are not legal documents and are not intended to be used as such. The information contained in these data is dynamic and may change over time. The U.S. Energy Information Administration gives no warranty, expressed or implied, as to the accuracy, reliability, or completeness of these data.&lt;/SPAN&gt;&lt;/SPAN&gt;&lt;/P&gt;&lt;DIV&gt;&lt;P&gt;&lt;SPAN /&gt;&lt;/P&gt;&lt;/DIV&gt;&lt;/DIV&gt;</useLimit></Consts></resConst></dataIdInfo><mdLang><languageCode value="eng" Sync="TRUE"/><countryCode value="USA" Sync="TRUE"/></mdLang><distInfo><distFormat><formatName Sync="TRUE">Shapefile</formatName></distFormat><distTranOps><transSize Sync="TRUE">0.000</transSize></distTranOps></distInfo><mdHrLv><ScopeCd value="005" Sync="TRUE"/></mdHrLv><mdHrLvName Sync="TRUE">dataset</mdHrLvName><refSysInfo><RefSystem><refSysID><identCode code="4326" Sync="TRUE"/><idCodeSpace Sync="TRUE">EPSG</idCodeSpace><idVersion Sync="TRUE">6.14(3.0.1)</idVersion></refSysID></RefSystem></refSysInfo><spatRepInfo><VectSpatRep><geometObjs Name="PowerPlants_US_201710"><geoObjTyp><GeoObjTypCd value="004" Sync="TRUE"></GeoObjTypCd></geoObjTyp><geoObjCnt Sync="TRUE">0</geoObjCnt></geometObjs><topLvl><TopoLevCd value="001" Sync="TRUE"></TopoLevCd></topLvl></VectSpatRep></spatRepInfo><spdoinfo><ptvctinf><esriterm Name="PowerPlants_US_201710"><efeatyp Sync="TRUE">Simple</efeatyp><efeageom code="1" Sync="TRUE"></efeageom><esritopo Sync="TRUE">FALSE</esritopo><efeacnt Sync="TRUE">0</efeacnt><spindex Sync="TRUE">FALSE</spindex><linrefer Sync="TRUE">FALSE</linrefer></esriterm></ptvctinf></spdoinfo><eainfo><detailed Name="PowerPlants_US_201710"><enttyp><enttypl Sync="TRUE">PowerPlants_US_201710</enttypl><enttypt Sync="TRUE">Feature Class</enttypt><enttypc Sync="TRUE">0</enttypc></enttyp><attr><attrlabl Sync="TRUE">FID</attrlabl><attalias Sync="TRUE">FID</attalias><attrtype Sync="TRUE">OID</attrtype><attwidth Sync="TRUE">4</attwidth><atprecis Sync="TRUE">0</atprecis><attscale Sync="TRUE">0</attscale><attrdef Sync="TRUE">Internal feature number.</attrdef><attrdefs Sync="TRUE">Esri</attrdefs><attrdomv><udom Sync="TRUE">Sequential unique whole numbers that are automatically generated.</udom></attrdomv></attr><attr><attrlabl Sync="TRUE">Plant_Code</attrlabl><attalias Sync="TRUE">Plant_Code</attalias><attrtype Sync="TRUE">Integer</attrtype><attwidth Sync="TRUE">10</attwidth><atprecis Sync="TRUE">10</atprecis><attscale Sync="TRUE">0</attscale></attr><attr><attrlabl Sync="TRUE">Plant_Name</attrlabl><attalias Sync="TRUE">Plant_Name</attalias><attrtype Sync="TRUE">String</attrtype><attwidth Sync="TRUE">254</attwidth><atprecis Sync="TRUE">0</atprecis><attscale Sync="TRUE">0</attscale></attr><attr><attrlabl Sync="TRUE">Utility_ID</attrlabl><attalias Sync="TRUE">Utility_ID</attalias><attrtype Sync="TRUE">Integer</attrtype><attwidth Sync="TRUE">10</attwidth><atprecis Sync="TRUE">10</atprecis><attscale Sync="TRUE">0</attscale></attr><attr><attrlabl Sync="TRUE">Utility_Na</attrlabl><attalias Sync="TRUE">Utility_Na</attalias><attrtype Sync="TRUE">String</attrtype><attwidth Sync="TRUE">254</attwidth><atprecis Sync="TRUE">0</atprecis><attscale Sync="TRUE">0</attscale></attr><attr><attrlabl Sync="TRUE">City</attrlabl><attalias Sync="TRUE">City</attalias><attrtype Sync="TRUE">String</attrtype><attwidth Sync="TRUE">254</attwidth><atprecis Sync="TRUE">0</atprecis><attscale Sync="TRUE">0</attscale></attr><attr><attrlabl Sync="TRUE">sector_nam</attrlabl><attalias Sync="TRUE">sector_nam</attalias><attrtype Sync="TRUE">String</attrtype><attwidth Sync="TRUE">254</attwidth><atprecis Sync="TRUE">0</atprecis><attscale Sync="TRUE">0</attscale></attr><attr><attrlabl Sync="TRUE">County</attrlabl><attalias Sync="TRUE">County</attalias><attrtype Sync="TRUE">String</attrtype><attwidth Sync="TRUE">254</attwidth><atprecis Sync="TRUE">0</atprecis><attscale Sync="TRUE">0</attscale></attr><attr><attrlabl Sync="TRUE">StateName</attrlabl><attalias Sync="TRUE">StateName</attalias><attrtype Sync="TRUE">String</attrtype><attwidth Sync="TRUE">254</attwidth><atprecis Sync="TRUE">0</atprecis><attscale Sync="TRUE">0</attscale></attr><attr><attrlabl Sync="TRUE">Zip</attrlabl><attalias Sync="TRUE">Zip</attalias><attrtype Sync="TRUE">Integer</attrtype><attwidth Sync="TRUE">10</attwidth><atprecis Sync="TRUE">10</atprecis><attscale Sync="TRUE">0</attscale></attr><attr><attrlabl Sync="TRUE">PrimSource</attrlabl><attalias Sync="TRUE">PrimSource</attalias><attrtype Sync="TRUE">String</attrtype><attwidth Sync="TRUE">254</attwidth><atprecis Sync="TRUE">0</atprecis><attscale Sync="TRUE">0</attscale></attr><attr><attrlabl Sync="TRUE">Street_Add</attrlabl><attalias Sync="TRUE">Street_Add</attalias><attrtype Sync="TRUE">String</attrtype><attwidth Sync="TRUE">254</attwidth><atprecis Sync="TRUE">0</atprecis><attscale Sync="TRUE">0</attscale></attr><attr><attrlabl Sync="TRUE">Install_MW</attrlabl><attalias Sync="TRUE">Install_MW</attalias><attrtype Sync="TRUE">Double</attrtype><attwidth Sync="TRUE">19</attwidth><atprecis Sync="TRUE">0</atprecis><attscale Sync="TRUE">0</attscale></attr><attr><attrlabl Sync="TRUE">Total_MW</attrlabl><attalias Sync="TRUE">Total_MW</attalias><attrtype Sync="TRUE">Double</attrtype><attwidth Sync="TRUE">19</attwidth><atprecis Sync="TRUE">0</atprecis><attscale Sync="TRUE">0</attscale></attr><attr><attrlabl Sync="TRUE">Coal_MW</attrlabl><attalias Sync="TRUE">Coal_MW</attalias><attrtype Sync="TRUE">Double</attrtype><attwidth Sync="TRUE">19</attwidth><atprecis Sync="TRUE">0</atprecis><attscale Sync="TRUE">0</attscale></attr><attr><attrlabl Sync="TRUE">NG_MW</attrlabl><attalias Sync="TRUE">NG_MW</attalias><attrtype Sync="TRUE">Double</attrtype><attwidth Sync="TRUE">19</attwidth><atprecis Sync="TRUE">0</atprecis><attscale Sync="TRUE">0</attscale></attr><attr><attrlabl Sync="TRUE">Crude_MW</attrlabl><attalias Sync="TRUE">Crude_MW</attalias><attrtype Sync="TRUE">Double</attrtype><attwidth Sync="TRUE">19</attwidth><atprecis Sync="TRUE">0</atprecis><attscale Sync="TRUE">0</attscale></attr><attr><attrlabl Sync="TRUE">Bio_MW</attrlabl><attalias Sync="TRUE">Bio_MW</attalias><attrtype Sync="TRUE">String</attrtype><attwidth Sync="TRUE">254</attwidth><atprecis Sync="TRUE">0</atprecis><attscale Sync="TRUE">0</attscale></attr><attr><attrlabl Sync="TRUE">Hydro_MW</attrlabl><attalias Sync="TRUE">Hydro_MW</attalias><attrtype Sync="TRUE">Double</attrtype><attwidth Sync="TRUE">19</attwidth><atprecis Sync="TRUE">0</atprecis><attscale Sync="TRUE">0</attscale></attr><attr><attrlabl Sync="TRUE">HydroPS_MW</attrlabl><attalias Sync="TRUE">HydroPS_MW</attalias><attrtype Sync="TRUE">Double</attrtype><attwidth Sync="TRUE">19</attwidth><atprecis Sync="TRUE">0</atprecis><attscale Sync="TRUE">0</attscale></attr><attr><attrlabl Sync="TRUE">Nuclear_MW</attrlabl><attalias Sync="TRUE">Nuclear_MW</attalias><attrtype Sync="TRUE">Double</attrtype><attwidth Sync="TRUE">19</attwidth><atprecis Sync="TRUE">0</atprecis><attscale Sync="TRUE">0</attscale></attr><attr><attrlabl Sync="TRUE">Solar_MW</attrlabl><attalias Sync="TRUE">Solar_MW</attalias><attrtype Sync="TRUE">Double</attrtype><attwidth Sync="TRUE">19</attwidth><atprecis Sync="TRUE">0</atprecis><attscale Sync="TRUE">0</attscale></attr><attr><attrlabl Sync="TRUE">Wind_MW</attrlabl><attalias Sync="TRUE">Wind_MW</attalias><attrtype Sync="TRUE">Double</attrtype><attwidth Sync="TRUE">19</attwidth><atprecis Sync="TRUE">0</atprecis><attscale Sync="TRUE">0</attscale></attr><attr><attrlabl Sync="TRUE">Geo_MW</attrlabl><attalias Sync="TRUE">Geo_MW</attalias><attrtype Sync="TRUE">String</attrtype><attwidth Sync="TRUE">254</attwidth><atprecis Sync="TRUE">0</atprecis><attscale Sync="TRUE">0</attscale></attr><attr><attrlabl Sync="TRUE">Other_MW</attrlabl><attalias Sync="TRUE">Other_MW</attalias><attrtype Sync="TRUE">Double</attrtype><attwidth Sync="TRUE">19</attwidth><atprecis Sync="TRUE">0</atprecis><attscale Sync="TRUE">0</attscale></attr><attr><attrlabl Sync="TRUE">tech_desc</attrlabl><attalias Sync="TRUE">tech_desc</attalias><attrtype Sync="TRUE">String</attrtype><attwidth Sync="TRUE">254</attwidth><atprecis Sync="TRUE">0</atprecis><attscale Sync="TRUE">0</attscale></attr><attr><attrlabl Sync="TRUE">source_des</attrlabl><attalias Sync="TRUE">source_des</attalias><attrtype Sync="TRUE">String</attrtype><attwidth Sync="TRUE">254</attwidth><atprecis Sync="TRUE">0</atprecis><attscale Sync="TRUE">0</attscale></attr><attr><attrlabl Sync="TRUE">Source</attrlabl><attalias Sync="TRUE">Source</attalias><attrtype Sync="TRUE">String</attrtype><attwidth Sync="TRUE">254</attwidth><atprecis Sync="TRUE">0</atprecis><attscale Sync="TRUE">0</attscale></attr><attr><attrlabl Sync="TRUE">Period</attrlabl><attalias Sync="TRUE">Period</attalias><attrtype Sync="TRUE">Integer</attrtype><attwidth Sync="TRUE">10</attwidth><atprecis Sync="TRUE">10</atprecis><attscale Sync="TRUE">0</attscale></attr><attr><attrlabl Sync="TRUE">Latitude</attrlabl><attalias Sync="TRUE">Latitude</attalias><attrtype Sync="TRUE">Double</attrtype><attwidth Sync="TRUE">19</attwidth><atprecis Sync="TRUE">0</atprecis><attscale Sync="TRUE">0</attscale></attr><attr><attrlabl Sync="TRUE">Longitude</attrlabl><attalias Sync="TRUE">Longitude</attalias><attrtype Sync="TRUE">Double</attrtype><attwidth Sync="TRUE">19</attwidth><atprecis Sync="TRUE">0</atprecis><attscale Sync="TRUE">0</attscale></attr><attr><attrlabl Sync="TRUE">Shape</attrlabl><attalias Sync="TRUE">Shape</attalias><attrtype Sync="TRUE">Geometry</attrtype><attwidth Sync="TRUE">0</attwidth><atprecis Sync="TRUE">0</atprecis><attscale Sync="TRUE">0</attscale><attrdef Sync="TRUE">Feature geometry.</attrdef><attrdefs Sync="TRUE">Esri</attrdefs><attrdomv><udom Sync="TRUE">Coordinates defining the features.</udom></attrdomv></attr></detailed></eainfo><mdDateSt Sync="TRUE">20180109</mdDateSt></metadata>
